company_name,proposed_url
株式会社アイティーフーズカンパニー,https://www.itfoods.co.jp/
アイリスオーヤマ株式会社,https://www.irisohyama.co.jp/
淡路アグリファーム株式会社,https://awaji-agrifarm.com/
イオントップバリュ株式会社,https://www.topvalu.net/
イースター株式会社,https://www.easter.co.jp/
ウェルペット・ジャパン合同会社,https://www.wellpet.jp/
株式会社STIサンヨー,https://www.sti-sanyo.co.jp/
兼松株式会社,https://www.kanematsu.co.jp/
株式会社金虎,https://kintora.co.jp/
九州ペットフード株式会社,https://www.kyushupf.co.jp/
キョーリンフード工業株式会社,https://www.kyorinfood.co.jp/
株式会社黒龍堂,https://www.kokuryudo.com/
スペクトラム ブランズ ジャパン株式会社,https://www.spectrumbrands.jp/
株式会社スマック,https://www.smack.jp/
トーラス株式会社,https://www.taurus-pet.co.jp/
ファルミナペットフーズ・ジャパン株式会社,https://www.farmina.jp/
ベストアメニティ株式会社,https://www.bestamenity.co.jp/
マルカイコーポレーション株式会社,https://www.marukai.co.jp/
株式会社マルカン,https://www.mk-mlkn.com/
株式会社吉岡油糧,https://www.yoshiokayuryo.com/
レッドハート株式会社,https://www.redheart.co.jp/
株式会社わんわん,https://www.wanwan.co.jp/
デビフペット株式会社,https://www.dbfpet.co.jp/
アダプトゲン製薬九州株式会社,https://adaptgen-kyushu.com/
