company_name,address,proposed_url,auto_hint
株式会社アイティーフーズカンパニー,福岡県糟屋郡志免町別府北1丁目8-20,,https://www.kkmars.co.jp/
アイリスオーヤマ株式会社,宮城県角田市小坂上小坂1番,,https://www.irisohyama.co.jp/
淡路アグリファーム株式会社,兵庫県南あわじ市中条中筋1492,,https://www.awajishima-kanko.jp/
株式会社イトウアンドカンパニーリミテッド,愛知県一宮市森本5-17-27,,https://www.kkmars.co.jp/
INO株式会社,千葉県四街道市大日1880-4,,www.town.ino.kochi.jp
イースター株式会社,兵庫県たつの市譽田町福田726,,rurubu.jp
ウェルペット・ジャパン合同会社,東京都新宿区西新宿7-18-10 島田ビル2F,,https://www.wel.ne.jp/bbs/
ヴォイス株式会社,神奈川県横浜市港北区新横浜2-2-3 新横浜第一竹生ビル3F,,https://www.voice-inc.co.jp/
株式会社STIサンヨー,静岡県焼津市焼津5-7-3,,https://www.kkmars.co.jp/
エヌピーエフジャパン株式会社,千葉県千葉市美浜区新港229-3,,https://jpnculture.net/ei/
株式会社カラーズ,東京都渋谷区恵比寿西2-19-9 SGビル,,https://www.kkmars.co.jp/
株式会社金虎,静岡県焼津市本町4-12-10,,https://www.kkmars.co.jp/
特定非営利活動法人cambio,兵庫県多可郡多可町中区森本809-15,,https://imijiten.net/%e7%89%b9%e5%ae%9a%e3%81%a8%e3%81%af%ef%bc%9f%e6%84%8f%e5%91%b3%e3%80%81%e9%a1%9e%e8%aa%9e%e3%80%81%e4%bd%bf%e3%81%84%e6%96%b9%e3%83%bb%e4%be%8b%e6%96%87%e3%82%92%e3%82%8f%e3%81%8b%e3%82%8a%e3%82%84/
株式会社QIX,東京都町田市森野1-24-13 ギャランフォトビル4F,,https://www.kkmars.co.jp/
九州ペットフード株式会社,福岡県糟屋郡新宮町上府北4-6-1,,https://tobutoptours.jp/column/kyushu/kyushu001.html
キョーリンフード工業株式会社,兵庫県姫路市白銀町9番地,,https://stkotori.com/column/kizoku/
株式会社クキ・イーアンドティー,大阪府泉大津市寿町9-16,,https://www.kkmars.co.jp/
グローバルワン株式会社,千葉県佐倉市石川559-62,,https://kotobank.jp/word/%E3%81%90%E3%82%8D%E3%83%BC%E3%81%B0%E3%82%8B-3210377
株式会社黒龍堂,東京都港区芝公園2-6-15,,https://www.kkmars.co.jp/
株式会社コンビ,大阪府大阪市天王寺区玉造本町14番93号,,https://www.kkmars.co.jp/
株式会社サンユー研究所,神奈川県横浜市青葉区しらとり台37-2,,https://www.kkmars.co.jp/
シーズイシハラ株式会社,静岡県富士市大野170-1,,https://www.wishesmsg.com/good-morning-messages-wishes-quotes/
株式会社ジャパンペットコミュニケーションズ,東京都中央区日本橋人形町1-2-5 ERVIC人形町 3F,,https://www.kkmars.co.jp/
株式会社ジャパンペットニュートリション,東京都中央区新川2-6-4 新川エフ2ビルディング3F,,https://www.kkmars.co.jp/
株式会社ジャパン・メディア・システムズ,東京都中央区銀座1-15-12 JMSビル4F,,https://www.kkmars.co.jp/
株式会社食糧,埼玉県吉川市保1-37-25,,https://www.kkmars.co.jp/
株式会社スマック,愛知県東海市名和町天王前20番地,,https://www.kkmars.co.jp/
住商アグロインターナショナル株式会社,東京都千代田区一ツ橋1-2-2 住友商事竹橋ビル9階,,https://www.sumitomocorp.com/ja/jp/
タイランドフィッシャリージャパン株式会社,東京都中央区日本橋茅場町3-1-11 日本橋ピアザビル7F,,https://www.thailandtravel.or.jp/
株式会社ダイワ,兵庫県たつの市揖保町松原308,,www.daiwa.com
天然素材株式会社,大分県佐伯市西浜10834-60,,https://www.diamir.de/falklandinseln
ドギーマンハヤシ株式会社,大阪府大阪市東成区深江南1-16-14,,https://www.doggie-bike.com/
徳岡商会株式会社,東京都荒川区町屋5-15-18,,https://www.tokuoka.co.jp/
トーラス株式会社,神奈川県綾瀬市大上1-28-26,,https://www.taurus-k.co.jp/
ナッシュ株式会社,大阪府大阪市北区中之島3-3-3 中之島三井ビルディング16F,,nosh.jp
日本アムウエイ合同会社,東京都渋谷区宇田川町7-1,,https://jpnculture.net/nihon-yurai/
株式会社日本生物．科学研究所,大阪府大阪市福島区福島1-4-40 JBSL梅田ビル5Ｆ,,https://www.homedepot.com/
株式会社パーパス,京都府八幡市内里女谷10-1,,https://www.kkmars.co.jp/
株式会社一,兵庫県神崎郡福崎町西田原1692-1,,ichi.company
ファルミナペットフーズ・ジャパン株式会社,東京都品川区北品川5-12-4 リードシー御殿山4階,,https://www.shufoo.net/pntweb/shopDetail/11630/
株式会社ブーリアン,東京都世田谷区南烏山6-33-36,,https://www.kkmars.co.jp/
株式会社ベッツ・チョイス・ジャパン,愛知県春日井市桃山町3-102-4,,https://life-base.jp/company/
ペットアイ株式会社,栃木県栃木市大平町土与215,,https://www.pet-home.jp/
マーコグリーンパワー株式会社,茨城県土浦市卸町2-9-16,,https://filmarks.com/movies/84015
ママクック株式会社,千葉県四街道市大日284-17,,https://select.mamastar.jp/
株式会社マルカン,大阪府大阪市淀川区西中島7-1-26 オリエンタル新大阪ビル12F,,https://life-base.jp/company/
株式会社三矢コーポレーション,広島市安佐北区三入5丁目15-6,,https://life-base.jp/company/
株式会社森乳サンワールド,東京都港区港南3-8-1 森永乳業港南ビル4F,,https://life-base.jp/company/
株式会社吉岡油糧,埼玉県北葛飾郡松伏町大川戸1036-1,,https://life-base.jp/company/
株式会社ライトハウス,大阪府茨木市双葉町10-1 茨木東阪急ビル403号,,https://life-base.jp/company/
株式会社レティシアン,東京都中央区京橋2-2-1,,https://life-base.jp/company/
Y.K.エンタープライズ株式会社,兵庫県赤穂市加里屋磯1120-117,,https://rp11.my.ymobile.jp/WCR/ymIndex/
